,cosine-similarity
177736_Bypass.cpp,0.9875
177740_DoS_Exec_Code_Overflow_Mem._Corr..cpp,0.9612
177741_DoS_Overflow.cpp,0.9470
177742_DoS_Overflow.cpp,0.9375
177743_DoS.cpp,0.9885
177747_DoS.cpp,0.9965
177750_DoS_Exec_Code.cpp,0.9691
177766_DoS.cpp,0.9958
177767_DoS.cpp,0.9743
177768_DoS.cpp,0.9869
177770_Bypass.cpp,0.9821
177771_nan.cpp,0.9745
177773_DoS_Exec_Code_Overflow_Mem._Corr..cpp,0.9232
177774_DoS_Exec_Code_Overflow.cpp,0.9907
177775_DoS_Exec_Code_Overflow.cpp,0.9932
177777_DoS_Exec_Code_Overflow.cpp,0.9890
177778_DoS_Exec_Code_Overflow.cpp,0.9927
177779_DoS_Exec_Code_Overflow.cpp,0.9921
177780_DoS_Exec_Code_Overflow.cpp,0.9760
177781_DoS_Exec_Code_Overflow.cpp,0.9171
177783_DoS_Exec_Code_Overflow.cpp,0.9130
177786_DoS_Exec_Code_Overflow.cpp,0.9904
177787_DoS_Exec_Code_Overflow.cpp,0.9978
177788_DoS_Exec_Code_Overflow.cpp,0.9976
177789_DoS_Exec_Code_Overflow.cpp,0.9390
177792_DoS_Exec_Code_Overflow.cpp,0.9181
177793_DoS_Exec_Code_Overflow.cpp,0.9897
177794_nan.cpp,0.9899
177795_nan.cpp,0.9850
177796_Overflow.cpp,0.9467
177799_Overflow.cpp,0.9613
177807_Bypass.cpp,0.9510
177809_Bypass.cpp,0.9939
177811_DoS.cpp,0.9906
177812_Bypass.cpp,0.9224
177815_Bypass.cpp,0.9882
177816_Bypass.cpp,0.9866
177821_DoS.cpp,0.9579
177823_Exec_Code_Overflow.cpp,0.9709
177825_DoS.cpp,0.9599
177826_DoS_Exec_Code_Overflow.cpp,0.9442
177827_nan.cpp,0.9371
177831_nan.cpp,0.9044
177832_nan.cpp,0.9235
177833_DoS_Overflow.cpp,0.9626
177839_+Info.cpp,0.9693
177840_+Info.cpp,0.9296
177841_+Info.cpp,0.9399
177842_+Info.cpp,0.9483
177843_+Info.cpp,0.9847
177844_+Info.cpp,0.9364
177848_nan.cpp,0.9345
177850_DoS_Overflow.cpp,0.9750
177851_DoS_Overflow.cpp,0.9397
177852_DoS_Overflow.cpp,0.9694
177853_DoS_Overflow.cpp,0.8869
177855_Bypass.cpp,0.9832
177856_nan.cpp,0.9951
177857_nan.cpp,0.9281
177859_Exec_Code_Bypass.cpp,0.9767
177860_Exec_Code_Bypass.cpp,0.9679
177862_Exec_Code.cpp,0.9673
177865_DoS.cpp,0.8357
177867_nan.cpp,0.9975
177869_nan.cpp,0.9859
177870_nan.cpp,0.8913
177874_Exec_Code_Overflow.cpp,0.9735
177875_Exec_Code_Overflow.cpp,0.9965
177879_DoS_Exec_Code_Overflow.cpp,0.9671
177880_Bypass.cpp,0.9913
177881_DoS.cpp,0.9526
177883_nan.cpp,0.9604
177887_DoS_Overflow.cpp,0.9911
177891_DoS.cpp,0.9427
177893_+Info.cpp,0.9366
177896_nan.cpp,0.9253
177897_+Info.cpp,0.9257
177898_+Info.cpp,0.9203
177899_+Info.cpp,0.9065
177900_+Info.cpp,0.9176
177901_Overflow.cpp,0.7967
177904_DoS.cpp,0.9555
177905_DoS.cpp,0.9850
177906_DoS_Exec_Code_Overflow.cpp,0.9862
177907_DoS_Exec_Code_Overflow.cpp,0.9572
177909_DoS_Exec_Code_Overflow.cpp,0.9532
177910_DoS.cpp,0.9035
177911_Exec_Code_Overflow.cpp,0.9188
177912_Exec_Code_Overflow.cpp,0.8847
177913_Exec_Code_Overflow.cpp,0.9720
177915_Exec_Code_Overflow.cpp,0.9781
177917_Exec_Code.cpp,0.9550
177918_Exec_Code.cpp,0.9261
177919_nan.cpp,0.9779
177920_nan.cpp,0.9607
177921_nan.cpp,0.9196
177922_Exec_Code_Overflow.cpp,0.9681
177923_Bypass.cpp,0.9458
177926_Exec_Code_Overflow.cpp,0.9810
177927_nan.cpp,0.9950
min,0.7967
max,0.9978
mean,0.9567
